Workbook

Sheet Simulador
A1: CENTRAL DE SIMULAÇÃO DE FUNDOS IMOBILIÁRIOS
A4: 1. CONFIGURAÇÕES
A5: Salário (R$) | B5: 5000
A6: Taxa de rendimento mensal (%) | B6: 0.008
A7: Prazo da simulação (anos) | B7: 10
A8: Percentual sugerido do salário (%) | B8: 0.3
A9: Sugestão de aporte (30% do salário) | B9: =salario*perc_sugestao -> 1500
A10: Aporte mensal (R$) | B10: 1500
A11: Perfil de investidor | B11: Moderado
A12: Rendimento de dividendos mensal (%) | B12: 0.006
A14: 2. RESULTADOS DA SIMULAÇÃO
A15: Patrimônio acumulado estimado (R$) | B15: =FV(taxa_mensal, prazo_anos*12, -aporte, 0, 0) -> 300326.2
A16: Dividendos mensais estimados (R$) | B16: =B15*div_mensal -> 1801.9572
A18: 3. DISTRIBUIÇÃO DA CARTEIRA POR TIPO DE FUNDO
A19: Tipo de Fundo | B19: % Alocação | C19: Valor do Aporte (R$)
A20: Papel | B20: =VLOOKUP(perfil_investidor&A20, Apoio!$A$3:$D$20, 4, FALSE()) -> 0.25 | C20: =B20*aporte -> 375
A21: Lajes Corporativas | B21: =VLOOKUP(perfil_investidor&A21, Apoio!$A$3:$D$20, 4, FALSE()) -> 0.2 | C21: =B21*aporte -> 300
A22: Galpões Logísticos | B22: =VLOOKUP(perfil_investidor&A22, Apoio!$A$3:$D$20, 4, FALSE()) -> 0.2 | C22: =B22*aporte -> 300
A23: Shoppings | B23: =VLOOKUP(perfil_investidor&A23, Apoio!$A$3:$D$20, 4, FALSE()) -> 0.15 | C23: =B23*aporte -> 225
A24: Fiagro | B24: =VLOOKUP(perfil_investidor&A24, Apoio!$A$3:$D$20, 4, FALSE()) -> 0.1 | C24: =B24*aporte -> 150
A25: Fundo de Fundos (FOF) | B25: =VLOOKUP(perfil_investidor&A25, Apoio!$A$3:$D$20, 4, FALSE()) -> 0.1 | C25: =B25*aporte -> 150
A27: 4. CENÁRIOS DE LONGO PRAZO
A28: Prazo (Anos) | B28: Patrimônio Acumulado (R$) | C28: Dividendos Mensais (R$) | D28: Total Aportado (R$)
A29: 2 | B29: =FV(taxa_mensal, $A29*12, -aporte, 0, 0) -> 39514.733 | C29: =B29*div_mensal -> 237.0884 | D29: =aporte*($A29*12) -> 36000
A30: 5 | B30: =FV(taxa_mensal, $A30*12, -aporte, 0, 0) -> 114935.8 | C30: =B30*div_mensal -> 689.6148 | D30: =aporte*($A30*12) -> 90000
A31: 10 | B31: =FV(taxa_mensal, $A31*12, -aporte, 0, 0) -> 300326.2 | C31: =B31*div_mensal -> 1801.9572 | D31: =aporte*($A31*12) -> 180000
A32: 20 | B32: =FV(taxa_mensal, $A32*12, -aporte, 0, 0) -> 1081696.8 | C32: =B32*div_mensal -> 6490.181 | D32: =aporte*($A32*12) -> 360000
A33: 30 | B33: =FV(taxa_mensal, $A33*12, -aporte, 0, 0) -> 3114619.8 | C33: =B33*div_mensal -> 18687.719 | D33: =aporte*($A33*12) -> 540000

Sheet Apoio
A1: TABELA DE APOIO — PERFIS E ALOCAÇÃO DE FIIs
A2: Chave Composta | B2: Perfil | C2: Tipo de Fundo | D2: % Alocação
A3: =B3&C3 -> ConservadorPapel | B3: Conservador | C3: Papel | D3: 0.4
A4: =B4&C4 -> ConservadorLajes Corporativas | B4: Conservador | C4: Lajes Corporativas | D4: 0.2
A5: =B5&C5 -> ConservadorGalpões Logísticos | B5: Conservador | C5: Galpões Logísticos | D5: 0.15
A6: =B6&C6 -> ConservadorShoppings | B6: Conservador | C6: Shoppings | D6: 0.1
A7: =B7&C7 -> ConservadorFiagro | B7: Conservador | C7: Fiagro | D7: 0.05
A8: =B8&C8 -> ConservadorFundo de Fundos (FOF) | B8: Conservador | C8: Fundo de Fundos (FOF) | D8: 0.1
A9: =B9&C9 -> ModeradoPapel | B9: Moderado | C9: Papel | D9: 0.25
A10: =B10&C10 -> ModeradoLajes Corporativas | B10: Moderado | C10: Lajes Corporativas | D10: 0.2
A11: =B11&C11 -> ModeradoGalpões Logísticos | B11: Moderado | C11: Galpões Logísticos | D11: 0.2
A12: =B12&C12 -> ModeradoShoppings | B12: Moderado | C12: Shoppings | D12: 0.15
A13: =B13&C13 -> ModeradoFiagro | B13: Moderado | C13: Fiagro | D13: 0.1
A14: =B14&C14 -> ModeradoFundo de Fundos (FOF) | B14: Moderado | C14: Fundo de Fundos (FOF) | D14: 0.1
... A20: =B20&C20 -> ArrojadoFundo de Fundos (FOF) | B20: Arrojado | C20: Fundo de Fundos (FOF) | D20: 0.15
